{
  "name": "plate_processing",
  "description": "Process a microplate with multiple liquid handling operations",
  "tier": "T2",
  "input_schema": {
    "type": "object",
    "properties": {
      "plate_id": {"type": "string"},
      "plate_type": {
        "type": "string",
        "enum": ["96_well", "384_well", "1536_well"],
        "default": "96_well"
      },
      "operations": {
        "type": "array",
        "items": {
          "type": "object",
          "properties": {
            "operation": {"type": "string", "enum": ["aspirate", "dispense", "mix", "incubate"]},
            "wells": {"type": "array", "items": {"type": "string"}},
            "volume": {"type": "number"},
            "reagent": {"type": "string"}
          }
        }
      },
      "incubation_time": {"type": "integer", "minimum": 0, "maximum": 3600},
      "temperature": {"type": "number", "minimum": 4, "maximum": 95}
    },
    "required": ["plate_id", "operations"]
  },
  "output_schema": {
    "type": "object",
    "properties": {
      "success": {"type": "boolean"},
      "wells_processed": {"type": "integer"},
      "processing_time": {"type": "number"},
      "quality_metrics": {"type": "object"}
    }
  },
  "timeout_s": 1800
}
