{
  "name": "dispense",
  "description": "Dispense liquid from pipette to target container",
  "tier": "T1",
  "input_schema": {
    "type": "object",
    "properties": {
      "pipette_id": {"type": "string"},
      "volume": {"type": "number", "minimum": 0.1, "maximum": 5000},
      "target_position": {"type": "string"},
      "dispense_speed": {"type": "number", "minimum": 0.1, "maximum": 10.0, "default": 1.0}
    },
    "required": ["pipette_id", "volume", "target_position"]
  },
  "output_schema": {
    "type": "object",
    "properties": {
      "success": {"type": "boolean"},
      "actual_volume": {"type": "number"},
      "dispense_time": {"type": "number"},
      "remaining_volume": {"type": "number"}
    }
  },
  "timeout_s": 45
}
