{
  "name": "grab_tip",
  "version": "1.0.0",
  "description": "Pick up a new pipette tip from tip rack",
  "tier": "T1",
  "input_schema": {
    "type": "object",
    "properties": {
      "pipette_id": {"type": "string"},
      "tip_type": {"type": "string", "enum": ["p10", "p20", "p200", "p1000", "p5000"]},
      "tip_rack_position": {"type": "string"},
      "force": {"type": "number", "minimum": 0.1, "maximum": 5.0, "default": 1.0},
      "approach_angle": {"type": "number", "minimum": 0, "maximum": 90, "default": 0}
    },
    "required": ["pipette_id", "tip_type"]
  },
  "output_schema": {
    "type": "object",
    "properties": {
      "success": {"type": "boolean"},
      "tip_position": {"type": "string"},
      "tip_quality": {"type": "string"},
      "attachment_force": {"type": "number"}
    }
  },
  "preconditions": ["pipette_ready", "tip_rack_available", "no_tip_attached"],
  "postconditions": ["tip_attached", "tip_secured"],
  "invariants": ["tip_clean", "attachment_secure"],
  "timeout_s": 20,
  "safety": {
    "tip_detection": true,
    "force_limits": true,
    "contamination_prevention": true
  },
  "failure_modes": [
    {
      "mode": "tip_not_detected",
      "mitigation": "retry_with_higher_force"
    },
    {
      "mode": "tip_rack_empty",
      "mitigation": "alert_operator"
    },
    {
      "mode": "tip_damaged",
      "mitigation": "discard_and_retry"
    },
    {
      "mode": "attachment_failed",
      "mitigation": "adjust_angle_and_retry"
    }
  ],
  "retry_policy": {
    "max_attempts": 3,
    "backoff_factor": 1.2
  },
  "cost_model": {
    "estimated_duration": 10,
    "energy_cost": "low"
  },
  "compatibility": {
    "pipette_types": ["electronic", "manual"],
    "tip_racks": ["standard", "filtered"]
  }
}
